currency,updateTime,cashBuy,cashSell,spotBuy,spotSell,country
USD,2019/1/25,30.395,31.085,30.765,30.865,America
USD,2019/1/24,30.46,31.15,30.83,30.93,America
USD,2019/1/23,30.475,31.165,30.845,30.945,America
USD,2019/1/22,30.47,31.16,30.84,30.94,America
USD,2019/1/21,30.425,31.115,30.795,30.895,America
USD,2019/1/19,30.415,31.105,30.785,30.885,America
USD,2019/1/18,30.42,31.11,30.79,30.8,America
USD,2019/1/17,30.425,31.115,30.795,30.895,America
USD,2019/1/16,30.405,31.095,30.775,30.875,America
USD,2019/1/15,30.395,31.085,30.765,30.865,America
USD,2019/1/14,30.42,31.11,30.79,30.89,America
USD,2019/1/11,30.375,31.065,30.745,30.845,America
USD,2019/1/10,30.36,31.05,30.73,30.83,America
USD,2019/1/9,30.375,31.065,30.745,30.845,America
USD,2019/1/8,30.415,31.105,30.785,30.885,America
USD,2019/1/7,30.385,31.075,30.755,30.855,America
USD,2019/1/4,30.435,31.125,30.805,30.905,America
USD,2019/1/3,30.455,31.145,30.825,30.925,America
USD,2019/1/2,30.365,31.055,30.735,30.835,America
USD,2018/12/28,30.295,30.985,30.665,30.765,America
USD,2018/12/27,30.37,31.06,30.74,30.84,America
USD,2018/12/26,30.39,31.08,30.76,30.86,America
USD,2018/12/25,30.38,31.07,30.75,30.85,America
USD,2018/12/24,30.41,31.1,30.78,30.88,America
USD,2018/12/22,30.4,31.09,30.77,30.87,America
USD,2018/12/21,30.375,31.065,30.745,30.845,America
USD,2018/12/20,30.41,31.1,30.78,30.88,America
USD,2018/12/19,30.385,31.075,30.755,30.855,America
USD,2018/12/18,30.44,31.13,30.81,30.91,America
USD,2018/12/17,30.445,31.135,30.815,30.915,America
USD,2018/12/14,30.435,31.125,30.805,30.905,America
USD,2018/12/13,30.42,31.11,30.79,30.89,America
USD,2018/12/12,30.445,31.135,30.815,30.915,America
USD,2018/12/11,30.47,31.16,30.84,30.94,America
USD,2018/12/10,30.445,31.135,30.815,30.915,America
USD,2018/12/7,30.41,31.1,30.78,30.88,America
USD,2018/12/6,30.42,31.11,30.79,30.89,America
USD,2018/12/5,30.38,31.07,30.75,30.85,America
USD,2018/12/4,30.28,30.97,30.65,30.75,America
USD,2018/12/3,30.31,31,30.68,30.78,America
USD,2018/11/30,30.41,31.1,30.78,30.88,America
USD,2018/11/29,30.41,31.1,30.78,30.88,America
USD,2018/11/28,30.48,31.17,30.85,30.95,America
USD,2018/11/27,30.47,31.16,30.84,30.94,America
USD,2018/11/26,30.455,31.145,30.825,30.925,America
USD,2018/11/23,30.475,31.165,30.845,30.945,America
USD,2018/11/22,30.465,31.155,30.835,30.935,America
USD,2018/11/21,30.465,31.155,30.835,30.935,America
USD,2018/11/20,30.48,31.17,30.85,30.95,America
USD,2018/11/19,30.48,31.17,30.85,30.95,America
USD,2018/11/16,30.465,31.155,30.835,30.935,America
USD,2018/11/15,30.42,31.11,30.79,30.89,America
USD,2018/11/14,30.49,31.18,30.86,30.96,America
USD,2018/11/13,30.475,31.165,30.845,30.945,America
USD,2018/11/12,30.46,31.15,30.83,30.93,America
USD,2018/11/9,30.38,31.07,30.75,30.85,America
USD,2018/11/8,30.275,30.965,30.645,30.745,America
USD,2018/11/7,30.33,31.02,30.7,30.8,America
USD,2018/11/6,30.35,31.04,30.72,30.82,America
USD,2018/11/5,30.335,31.025,30.705,30.805,America
USD,2018/11/2,30.3,30.99,30.67,30.77,America
USD,2018/11/1,30.495,31.185,30.865,30.965,America
USD,2018/10/31,30.535,31.225,30.905,31.005,America
USD,2018/10/30,30.555,31.245,30.925,31.025,America
USD,2018/10/29,30.57,31.26,30.94,31.04,America
USD,2018/10/26,30.575,31.265,30.945,31.045,America
USD,2018/10/25,30.565,31.255,30.935,31.035,America
USD,2018/10/24,30.52,31.21,30.89,30.99,America
USD,2018/10/23,30.54,31.23,30.91,31.01,America
USD,2018/10/22,30.495,31.185,30.865,30.965,America
USD,2018/10/19,30.53,31.22,30.9,31,America
USD,2018/10/18,30.53,31.22,30.9,31,America
USD,2018/10/17,30.41,31.1,30.78,30.88,America
USD,2018/10/16,30.485,31.175,30.855,30.955,America
USD,2018/10/15,30.5,31.19,30.87,30.97,America
USD,2018/10/12,30.44,31.13,30.81,30.91,America
USD,2018/10/11,30.68,31.37,31.05,31.15,America
USD,2018/10/9,30.54,31.23,30.91,31.01,America
USD,2018/10/8,30.505,31.195,30.875,30.975,America
USD,2018/10/5,30.405,31.095,30.775,30.875,America
USD,2018/10/4,30.36,31.05,30.73,30.83,America
USD,2018/10/3,30.24,30.93,30.61,30.71,America
USD,2018/10/2,30.245,30.935,30.615,30.715,America
USD,2018/10/1,30.11,30.8,30.48,30.58,America
USD,2018/9/28,30.105,30.795,30.475,30.575,America
USD,2018/9/27,30.17,30.86,30.54,30.64,America
USD,2018/9/26,30.27,30.96,30.64,30.74,America
USD,2018/9/25,30.24,30.93,30.61,30.71,America
USD,2018/9/21,30.28,30.97,30.65,30.75,America
USD,2018/9/20,30.37,31.06,30.74,30.84,America
USD,2018/9/19,30.36,31.05,30.73,30.83,America
USD,2018/9/18,30.385,31.075,30.755,30.855,America
USD,2018/9/17,30.38,31.07,30.75,30.85,America
USD,2018/9/14,30.32,31.01,30.69,30.79,America
USD,2018/9/13,30.38,31.07,30.75,30.85,America
USD,2018/9/12,30.385,31.075,30.755,30.855,America
USD,2018/9/11,30.385,31.075,30.755,30.855,America
USD,2018/9/10,30.39,31.08,30.76,30.86,America
USD,2018/9/7,30.345,31.035,30.715,30.815,America
USD,2018/9/6,30.37,31.06,30.74,30.84,America
USD,2018/9/5,30.375,31.065,30.745,30.845,America
USD,2018/9/4,30.33,31.02,30.7,30.8,America
USD,2018/9/3,30.28,30.97,30.65,30.75,America
USD,2018/8/31,30.295,30.985,30.665,30.765,America
USD,2018/8/30,30.255,30.945,30.625,30.725,America
USD,2018/8/29,30.275,30.965,30.645,30.745,America
USD,2018/8/28,30.3,30.99,30.67,30.77,America
USD,2018/8/27,30.345,31.035,30.715,30.815,America
USD,2018/8/24,30.355,31.045,30.725,30.825,America
USD,2018/8/23,30.36,31.05,30.73,30.83,America
USD,2018/8/22,30.305,30.995,30.675,30.775,America
USD,2018/8/21,30.3,30.99,30.67,30.77,America
USD,2018/8/20,30.34,31.03,30.71,30.81,America
USD,2018/8/17,30.375,31.065,30.745,30.845,America
USD,2018/8/16,30.425,31.115,30.795,30.895,America
USD,2018/8/15,30.43,31.12,30.8,30.9,America
USD,2018/8/14,30.385,31.075,30.755,30.855,America
USD,2018/8/13,30.39,31.08,30.76,30.86,America
USD,2018/8/10,30.28,30.97,30.65,30.75,America
USD,2018/8/9,30.2,30.89,30.57,30.67,America
USD,2018/8/8,30.195,30.885,30.565,30.665,America
USD,2018/8/7,30.19,30.88,30.56,30.66,America
USD,2018/8/6,30.205,30.895,30.575,30.675,America
USD,2018/8/3,30.28,30.97,30.65,30.75,America
USD,2018/8/2,30.25,30.94,30.62,30.72,America
USD,2018/8/1,30.18,30.87,30.55,30.65,America
USD,2018/7/31,30.185,30.875,30.555,30.655,America
USD,2018/7/30,30.18,30.87,30.55,30.65,America
USD,2018/7/27,30.165,30.855,30.535,30.635,America
USD,2018/7/26,30.14,30.83,30.51,30.61,America
GBP,2019/1/25,39.19,41.31,40.19,40.61,EL
GBP,2019/1/24,39.09,41.21,40.09,40.51,EL
GBP,2019/1/23,38.83,40.95,39.83,40.25,EL
GBP,2019/1/22,38.56,40.68,39.56,39.98,EL
GBP,2019/1/21,38.5,40.62,39.5,39.92,EL
GBP,2019/1/19,38.53,40.65,39.53,39.95,EL
GBP,2019/1/18,38.75,40.87,39.75,40.17,EL
GBP,2019/1/17,38.48,40.6,39.48,39.9,EL
GBP,2019/1/16,38.44,40.56,39.44,39.86,EL
GBP,2019/1/15,38.49,40.61,39.49,39.91,EL
GBP,2019/1/14,38.4,40.52,39.4,39.82,EL
GBP,2019/1/11,38.08,40.2,39.08,39.5,EL
GBP,2019/1/10,38.07,40.19,39.07,39.49,EL
GBP,2019/1/9,38.03,40.15,39.03,39.45,EL
GBP,2019/1/8,38.16,40.28,39.16,39.58,EL
GBP,2019/1/7,38.08,40.2,39.08,39.5,EL
GBP,2019/1/4,37.86,39.98,38.86,39.28,EL
GBP,2019/1/3,37.55,39.67,38.55,38.97,EL
GBP,2019/1/2,38.07,40.19,39.07,39.49,EL
GBP,2018/12/28,37.67,39.79,38.67,39.09,EL
GBP,2018/12/27,37.77,39.89,38.77,39.19,EL
GBP,2018/12/26,37.94,40.06,38.94,39.36,EL
GBP,2018/12/25,37.85,39.97,38.85,39.27,EL
GBP,2018/12/24,37.84,39.96,38.84,39.26,EL
GBP,2018/12/22,37.82,39.94,38.82,39.24,EL
GBP,2018/12/21,37.84,39.96,38.84,39.26,EL
GBP,2018/12/20,37.8,39.92,38.8,39.22,EL
GBP,2018/12/19,37.84,39.96,38.84,39.26,EL
GBP,2018/12/18,37.83,39.95,38.83,39.25,EL
GBP,2018/12/17,37.67,39.79,38.67,39.09,EL
GBP,2018/12/14,37.75,39.87,38.75,39.17,EL
GBP,2018/12/13,37.84,39.96,38.84,39.26,EL
GBP,2018/12/12,37.4,39.52,38.4,38.82,EL
GBP,2018/12/11,37.67,39.79,38.67,39.09,EL
GBP,2018/12/10,38.09,40.21,39.09,39.51,EL
GBP,2018/12/7,38.14,40.26,39.14,39.56,EL
GBP,2018/12/6,37.98,40.1,38.98,39.4,EL
GBP,2018/12/5,37.95,40.07,38.95,39.37,EL
GBP,2018/12/4,37.91,40.03,38.91,39.33,EL
GBP,2018/12/3,38.19,40.31,39.19,39.61,EL
GBP,2018/11/30,38.19,40.31,39.19,39.61,EL
GBP,2018/11/29,38.36,40.48,39.36,39.78,EL
GBP,2018/11/28,38.19,40.31,39.19,39.61,EL
GBP,2018/11/27,38.19,40.31,39.19,39.61,EL
GBP,2018/11/26,38.38,40.5,39.38,39.8,EL
GBP,2018/11/23,38.56,40.68,39.56,39.98,EL
GBP,2018/11/22,38.27,40.39,39.27,39.69,EL
GBP,2018/11/21,38.33,40.45,39.33,39.75,EL
GBP,2018/11/20,38.57,40.69,39.57,39.99,EL
GBP,2018/11/19,38.54,40.66,39.54,39.96,EL
GBP,2018/11/16,38.35,40.47,39.35,39.77,EL
GBP,2018/11/15,38.8,40.92,39.8,40.22,EL
GBP,2018/11/14,38.94,41.06,39.94,40.36,EL
GBP,2018/11/13,38.6,40.72,39.6,40.02,EL
GBP,2018/11/12,38.52,40.64,39.52,39.94,EL
GBP,2018/11/9,38.9,41.02,39.9,40.32,EL
GBP,2018/11/8,39.14,41.26,40.14,40.56,EL
GBP,2018/11/7,39.23,41.35,40.23,40.65,EL
GBP,2018/11/6,39.03,41.15,40.03,40.45,EL
GBP,2018/11/5,38.81,40.93,39.81,40.23,EL
GBP,2018/11/2,38.81,40.93,39.81,40.23,EL
GBP,2018/11/1,38.62,40.74,39.62,40.04,EL
GBP,2018/10/31,38.19,40.31,39.19,39.61,EL
GBP,2018/10/30,38.37,40.49,39.37,39.79,EL
GBP,2018/10/29,38.57,40.69,39.57,39.99,EL
GBP,2018/10/26,38.52,40.64,39.52,39.94,EL
GBP,2018/10/25,38.76,40.88,39.76,40.18,EL
GBP,2018/10/24,38.85,40.97,39.85,40.27,EL
GBP,2018/10/23,39.01,41.13,40.01,40.43,EL
GBP,2018/10/22,39.23,41.35,40.23,40.65,EL
GBP,2018/10/19,39.1,41.22,40.1,40.52,EL
GBP,2018/10/18,39.39,41.51,40.39,40.81,EL
GBP,2018/10/17,39.36,41.48,40.36,40.78,EL
GBP,2018/10/16,39.56,41.68,40.56,40.98,EL
GBP,2018/10/15,39.39,41.51,40.39,40.81,EL
GBP,2018/10/12,39.69,41.81,40.69,41.11,EL
GBP,2018/10/11,39.83,41.95,40.83,41.25,EL
GBP,2018/10/9,39.23,41.35,40.23,40.65,EL
GBP,2018/10/8,39.21,41.33,40.21,40.63,EL
GBP,2018/10/5,39.01,41.13,40.01,40.43,EL
GBP,2018/10/4,38.73,40.85,39.73,40.15,EL
GBP,2018/10/3,38.66,40.78,39.66,40.08,EL
GBP,2018/10/2,38.68,40.8,39.68,40.1,EL
GBP,2018/10/1,38.65,40.77,39.65,40.07,EL
GBP,2018/9/28,38.69,40.81,39.69,40.11,EL
GBP,2018/9/27,38.91,41.03,39.91,40.33,EL
GBP,2018/9/26,39.19,41.31,40.19,40.61,EL
GBP,2018/9/25,39.09,41.21,40.09,40.51,EL
GBP,2018/9/21,39.38,41.5,40.38,40.8,EL
GBP,2018/9/20,39.38,41.5,40.38,40.8,EL
GBP,2018/9/19,39.31,41.43,40.31,40.73,EL
GBP,2018/9/18,39.28,41.4,40.28,40.7,EL
GBP,2018/9/17,39.1,41.22,40.1,40.52,EL
GBP,2018/9/14,39.18,41.3,40.18,40.6,EL
GBP,2018/9/13,38.97,41.09,39.97,40.39,EL
GBP,2018/9/12,38.94,41.06,39.94,40.36,EL
GBP,2018/9/11,39.06,41.18,40.06,40.48,EL
GBP,2018/9/10,38.67,40.79,39.67,40.09,EL
GBP,2018/9/7,38.62,40.74,39.62,40.04,EL
GBP,2018/9/6,38.56,40.68,39.56,39.98,EL
GBP,2018/9/5,38.29,40.41,39.29,39.71,EL
GBP,2018/9/4,38.27,40.39,39.27,39.69,EL
GBP,2018/9/3,38.46,40.58,39.46,39.88,EL
GBP,2018/8/31,38.8,40.92,39.8,40.22,EL
GBP,2018/8/30,38.77,40.89,39.77,40.19,EL
GBP,2018/8/29,38.3,40.42,39.3,39.72,EL
GBP,2018/8/28,38.41,40.53,39.41,39.83,EL
GBP,2018/8/27,38.31,40.43,39.31,39.73,EL
GBP,2018/8/24,38.29,40.41,39.29,39.71,EL
GBP,2018/8/23,38.44,40.56,39.44,39.86,EL
GBP,2018/8/22,38.38,40.5,39.38,39.8,EL
GBP,2018/8/21,38.22,40.34,39.22,39.64,EL
GBP,2018/8/20,38,40.12,39,39.42,EL
GBP,2018/8/17,37.95,40.07,38.95,39.37,EL
GBP,2018/8/16,38.01,40.13,39.01,39.43,EL
GBP,2018/8/15,38.03,40.15,39.03,39.45,EL
GBP,2018/8/14,38.26,40.38,39.26,39.68,EL
GBP,2018/8/13,38.06,40.18,39.06,39.48,EL
GBP,2018/8/10,37.98,40.1,38.98,39.4,EL
GBP,2018/8/9,38.15,40.27,39.15,39.57,EL
GBP,2018/8/8,38.39,40.51,39.39,39.81,EL
GBP,2018/8/7,38.47,40.59,39.47,39.89,EL
GBP,2018/8/6,38.54,40.66,39.54,39.96,EL
GBP,2018/8/3,38.64,40.76,39.64,40.06,EL
GBP,2018/8/2,38.93,41.05,39.93,40.35,EL
GBP,2018/8/1,38.93,41.05,39.93,40.35,EL
GBP,2018/7/31,39.02,41.14,40.02,40.44,EL
GBP,2018/7/30,38.98,41.1,39.98,40.4,EL
GBP,2018/7/27,38.91,41.03,39.91,40.33,EL
GBP,2018/7/26,39.11,41.23,40.11,40.53,EL
CHF,2019/1/25,30.14,31.34,30.8,31.09,SZ
CHF,2019/1/24,30.22,31.42,30.88,31.17,SZ
CHF,2019/1/23,30.15,31.35,30.81,31.1,SZ
CHF,2019/1/22,30.16,31.36,30.82,31.11,SZ
CHF,2019/1/21,30.18,31.38,30.84,31.13,SZ
CHF,2019/1/19,30.15,31.35,30.81,31.1,SZ
CHF,2019/1/18,30.2,31.4,30.86,31.15,SZ
CHF,2019/1/17,30.3,31.5,30.96,31.25,SZ
CHF,2019/1/16,30.35,31.55,31.01,31.3,SZ
CHF,2019/1/15,30.58,31.78,31.24,31.53,SZ
CHF,2019/1/14,30.56,31.76,31.22,31.51,SZ
CHF,2019/1/11,30.54,31.74,31.2,31.49,SZ
CHF,2019/1/10,30.74,31.94,31.4,31.69,SZ
CHF,2019/1/9,30.57,31.77,31.23,31.52,SZ
CHF,2019/1/8,30.63,31.83,31.29,31.58,SZ
CHF,2019/1/7,30.5,31.7,31.16,31.45,SZ
CHF,2019/1/4,30.47,31.67,31.13,31.42,SZ
CHF,2019/1/3,30.47,31.67,31.13,31.42,SZ
CHF,2019/1/2,30.56,31.76,31.22,31.51,SZ
CHF,2018/12/28,30.38,31.58,31.04,31.33,SZ
CHF,2018/12/27,30.2,31.4,30.86,31.15,SZ
CHF,2018/12/26,30.4,31.6,31.06,31.35,SZ
CHF,2018/12/25,30.42,31.62,31.08,31.37,SZ
CHF,2018/12/24,30.19,31.39,30.85,31.14,SZ
CHF,2018/12/22,30.15,31.35,30.81,31.1,SZ
CHF,2018/12/21,30.39,31.59,31.05,31.34,SZ
CHF,2018/12/20,30.25,31.45,30.91,31.2,SZ
CHF,2018/12/19,30.24,31.44,30.9,31.19,SZ
CHF,2018/12/18,30.28,31.48,30.94,31.23,SZ
CHF,2018/12/17,30.14,31.34,30.8,31.09,SZ
CHF,2018/12/14,30.22,31.42,30.88,31.17,SZ
CHF,2018/12/13,30.26,31.46,30.92,31.21,SZ
CHF,2018/12/12,30.26,31.46,30.92,31.21,SZ
CHF,2018/12/11,30.42,31.62,31.08,31.37,SZ
CHF,2018/12/10,30.41,31.61,31.07,31.36,SZ
CHF,2018/12/7,30.23,31.43,30.89,31.18,SZ
CHF,2018/12/6,30.06,31.26,30.72,31.01,SZ
CHF,2018/12/5,29.99,31.19,30.65,30.94,SZ
CHF,2018/12/4,30.01,31.21,30.67,30.96,SZ
CHF,2018/12/3,30.02,31.22,30.68,30.97,SZ
CHF,2018/11/30,30.12,31.32,30.78,31.07,SZ
CHF,2018/11/29,30.24,31.44,30.9,31.19,SZ
CHF,2018/11/28,30.08,31.28,30.74,31.03,SZ
CHF,2018/11/27,30.08,31.28,30.74,31.03,SZ
CHF,2018/11/26,30.15,31.35,30.81,31.1,SZ
CHF,2018/11/23,30.27,31.47,30.93,31.22,SZ
CHF,2018/11/22,30.24,31.44,30.9,31.19,SZ
CHF,2018/11/21,30.22,31.42,30.88,31.17,SZ
CHF,2018/11/20,30.33,31.53,30.99,31.28,SZ
CHF,2018/11/19,30.09,31.29,30.75,31.04,SZ
CHF,2018/11/16,29.87,31.07,30.53,30.82,SZ
CHF,2018/11/15,29.86,31.06,30.52,30.81,SZ
CHF,2018/11/14,29.88,31.08,30.54,30.83,SZ
CHF,2018/11/13,29.74,30.94,30.4,30.69,SZ
CHF,2018/11/12,29.77,30.97,30.43,30.72,SZ
CHF,2018/11/9,29.74,30.94,30.4,30.69,SZ
CHF,2018/11/8,29.83,31.03,30.49,30.78,SZ
CHF,2018/11/7,29.92,31.12,30.58,30.87,SZ
CHF,2018/11/6,29.84,31.04,30.5,30.79,SZ
CHF,2018/11/5,29.82,31.02,30.48,30.77,SZ
CHF,2018/11/2,29.88,31.08,30.54,30.83,SZ
CHF,2018/11/1,29.93,31.13,30.59,30.88,SZ
CHF,2018/10/31,29.97,31.17,30.63,30.92,SZ
CHF,2018/10/30,30.07,31.27,30.73,31.02,SZ
CHF,2018/10/29,30.24,31.44,30.9,31.19,SZ
CHF,2018/10/26,30.19,31.39,30.85,31.14,SZ
CHF,2018/10/25,30.21,31.41,30.87,31.16,SZ
CHF,2018/10/24,30.22,31.42,30.88,31.17,SZ
CHF,2018/10/23,30.29,31.49,30.95,31.24,SZ
CHF,2018/10/22,30.27,31.47,30.93,31.22,SZ
CHF,2018/10/19,30.23,31.43,30.89,31.18,SZ
CHF,2018/10/18,30.36,31.56,31.02,31.31,SZ
CHF,2018/10/17,30.29,31.49,30.95,31.24,SZ
CHF,2018/10/16,30.47,31.67,31.13,31.42,SZ
CHF,2018/10/15,30.41,31.61,31.07,31.36,SZ
CHF,2018/10/12,30.4,31.6,31.06,31.35,SZ
CHF,2018/10/11,30.65,31.85,31.31,31.6,SZ
CHF,2018/10/9,30.31,31.51,30.97,31.26,SZ
CHF,2018/10/8,30.37,31.57,31.03,31.32,SZ
CHF,2018/10/5,30.2,31.4,30.86,31.15,SZ
CHF,2018/10/4,30.27,31.47,30.93,31.22,SZ
CHF,2018/10/3,30.28,31.48,30.94,31.23,SZ
CHF,2018/10/2,30.36,31.56,31.02,31.31,SZ
CHF,2018/10/1,30.23,31.43,30.89,31.18,SZ
CHF,2018/9/28,30.47,31.67,31.13,31.42,SZ
CHF,2018/9/27,30.74,31.94,31.4,31.69,SZ
CHF,2018/9/26,30.98,32.18,31.64,31.93,SZ
CHF,2018/9/25,30.95,32.15,31.61,31.9,SZ
CHF,2018/9/21,31.24,32.44,31.9,32.19,SZ
CHF,2018/9/20,31.04,32.24,31.7,31.99,SZ
CHF,2018/9/19,31.11,32.31,31.77,32.06,SZ
CHF,2018/9/18,31.23,32.43,31.89,32.18,SZ
CHF,2018/9/17,31.1,32.3,31.76,32.05,SZ
CHF,2018/9/14,31.08,32.28,31.74,32.03,SZ
CHF,2018/9/13,30.94,32.14,31.6,31.89,SZ
CHF,2018/9/12,30.8,32,31.46,31.75,SZ
CHF,2018/9/11,30.81,32.01,31.47,31.76,SZ
CHF,2018/9/10,30.96,32.16,31.62,31.91,SZ
CHF,2018/9/7,31.05,32.25,31.71,32,SZ
CHF,2018/9/6,30.91,32.11,31.57,31.86,SZ
CHF,2018/9/5,30.77,31.97,31.43,31.72,SZ
CHF,2018/9/4,30.78,31.98,31.44,31.73,SZ
CHF,2018/9/3,30.84,32.04,31.5,31.79,SZ
CHF,2018/8/31,30.99,32.19,31.65,31.94,SZ
CHF,2018/8/30,30.83,32.03,31.49,31.78,SZ
CHF,2018/8/29,30.61,31.81,31.27,31.56,SZ
CHF,2018/8/28,30.59,31.79,31.25,31.54,SZ
CHF,2018/8/27,30.46,31.66,31.12,31.41,SZ
CHF,2018/8/24,30.42,31.62,31.08,31.37,SZ
CHF,2018/8/23,30.48,31.68,31.14,31.43,SZ
CHF,2018/8/22,30.38,31.58,31.04,31.33,SZ
CHF,2018/8/21,30.31,31.51,30.97,31.26,SZ
CHF,2018/8/20,30.09,31.29,30.75,31.04,SZ
CHF,2018/8/17,30.1,31.3,30.76,31.05,SZ
CHF,2018/8/16,30.23,31.43,30.89,31.18,SZ
CHF,2018/8/15,30.11,31.31,30.77,31.06,SZ
CHF,2018/8/14,30.24,31.44,30.9,31.19,SZ
CHF,2018/8/13,30.14,31.34,30.8,31.09,SZ
CHF,2018/8/10,30.08,31.28,30.74,31.03,SZ
CHF,2018/8/9,29.99,31.19,30.65,30.94,SZ
CHF,2018/8/8,29.96,31.16,30.62,30.91,SZ
CHF,2018/8/7,29.93,31.13,30.59,30.88,SZ
CHF,2018/8/6,29.95,31.15,30.61,30.9,SZ
CHF,2018/8/3,30,31.2,30.66,30.95,SZ
CHF,2018/8/2,30.05,31.25,30.71,31,SZ
CHF,2018/8/1,30.04,31.24,30.7,30.99,SZ
CHF,2018/7/31,30.15,31.35,30.81,31.1,SZ
CHF,2018/7/30,29.98,31.18,30.64,30.93,SZ
CHF,2018/7/27,29.92,31.12,30.58,30.87,SZ
CHF,2018/7/26,29.99,31.19,30.65,30.94,SZ
EUR,2019/1/25,34.08,35.42,34.7,35.1,EU
EUR,2019/1/24,34.3,35.64,34.92,35.32,EU
EUR,2019/1/23,34.31,35.65,34.93,35.33,EU
EUR,2019/1/22,34.26,35.6,34.88,35.28,EU
EUR,2019/1/21,34.31,35.65,34.93,35.33,EU
EUR,2019/1/19,34.25,35.59,34.87,35.27,EU
EUR,2019/1/18,34.31,35.65,34.93,35.33,EU
EUR,2019/1/17,34.31,35.65,34.93,35.33,EU
EUR,2019/1/16,34.31,35.65,34.93,35.33,EU
EUR,2019/1/15,34.53,35.87,35.15,35.55,EU
EUR,2019/1/14,34.59,35.93,35.21,35.61,EU
EUR,2019/1/11,34.69,36.03,35.31,35.71,EU
EUR,2019/1/10,34.7,36.04,35.32,35.72,EU
EUR,2019/1/9,34.49,35.83,35.11,35.51,EU
EUR,2019/1/8,34.48,35.82,35.1,35.5,EU
EUR,2019/1/7,34.42,35.76,35.04,35.44,EU
EUR,2019/1/4,34.39,35.73,35.01,35.41,EU
EUR,2019/1/3,34.28,35.62,34.9,35.3,EU
EUR,2019/1/2,34.51,35.85,35.13,35.53,EU
EUR,2018/12/28,34.38,35.72,35,35.4,EU
EUR,2018/12/27,34.23,35.57,34.85,35.25,EU
EUR,2018/12/26,34.3,35.64,34.92,35.32,EU
EUR,2018/12/25,34.3,35.64,34.92,35.32,EU
EUR,2018/12/24,34.25,35.59,34.87,35.27,EU
EUR,2018/12/22,34.22,35.56,34.84,35.24,EU
EUR,2018/12/21,34.5,35.84,35.12,35.52,EU
EUR,2018/12/20,34.37,35.71,34.99,35.39,EU
EUR,2018/12/19,34.29,35.63,34.91,35.31,EU
EUR,2018/12/18,34.23,35.57,34.85,35.25,EU
EUR,2018/12/17,34.13,35.47,34.75,35.15,EU
EUR,2018/12/14,34.21,35.55,34.83,35.23,EU
EUR,2018/12/13,34.28,35.62,34.9,35.3,EU
EUR,2018/12/12,34.15,35.49,34.77,35.17,EU
EUR,2018/12/11,34.32,35.66,34.94,35.34,EU
EUR,2018/12/10,34.46,35.8,35.08,35.48,EU
EUR,2018/12/7,34.24,35.58,34.86,35.26,EU
EUR,2018/12/6,34.11,35.45,34.73,35.13,EU
EUR,2018/12/5,34.08,35.42,34.7,35.1,EU
EUR,2018/12/4,34.12,35.46,34.74,35.14,EU
EUR,2018/12/3,34.13,35.47,34.75,35.15,EU
EUR,2018/11/30,34.27,35.61,34.89,35.29,EU
EUR,2018/11/29,34.29,35.63,34.91,35.31,EU
EUR,2018/11/28,34.03,35.37,34.65,35.05,EU
EUR,2018/11/27,34.12,35.46,34.74,35.14,EU
EUR,2018/11/26,34.26,35.6,34.88,35.28,EU
EUR,2018/11/23,34.45,35.79,35.07,35.47,EU
EUR,2018/11/22,34.38,35.72,35,35.4,EU
EUR,2018/11/21,34.36,35.7,34.98,35.38,EU
EUR,2018/11/20,34.6,35.94,35.22,35.62,EU
EUR,2018/11/19,34.44,35.78,35.06,35.46,EU
EUR,2018/11/16,34.23,35.57,34.85,35.25,EU
EUR,2018/11/15,34.15,35.49,34.77,35.17,EU
EUR,2018/11/14,34.09,35.43,34.71,35.11,EU
EUR,2018/11/13,33.9,35.24,34.52,34.92,EU
EUR,2018/11/12,33.96,35.3,34.58,34.98,EU
EUR,2018/11/9,34.1,35.44,34.72,35.12,EU
EUR,2018/11/8,34.3,35.64,34.92,35.32,EU
EUR,2018/11/7,34.41,35.75,35.03,35.43,EU
EUR,2018/11/6,34.3,35.64,34.92,35.32,EU
EUR,2018/11/5,34.19,35.53,34.81,35.21,EU
EUR,2018/11/2,34.3,35.64,34.92,35.32,EU
EUR,2018/11/1,34.3,35.64,34.92,35.32,EU
EUR,2018/10/31,34.31,35.65,34.93,35.33,EU
EUR,2018/10/30,34.38,35.72,35,35.4,EU
EUR,2018/10/29,34.54,35.88,35.16,35.56,EU
EUR,2018/10/26,34.46,35.8,35.08,35.48,EU
EUR,2018/10/25,34.5,35.84,35.12,35.52,EU
EUR,2018/10/24,34.52,35.86,35.14,35.54,EU
EUR,2018/10/23,34.69,36.03,35.31,35.71,EU
EUR,2018/10/22,34.83,36.17,35.45,35.85,EU
EUR,2018/10/19,34.61,35.95,35.23,35.63,EU
EUR,2018/10/18,34.82,36.16,35.44,35.84,EU
EUR,2018/10/17,34.84,36.18,35.46,35.86,EU
EUR,2018/10/16,35.02,36.36,35.64,36.04,EU
EUR,2018/10/15,34.95,36.29,35.57,35.97,EU
EUR,2018/10/12,34.96,36.3,35.58,35.98,EU
EUR,2018/10/11,35.09,36.43,35.71,36.11,EU
EUR,2018/10/9,34.71,36.05,35.33,35.73,EU
EUR,2018/10/8,34.72,36.06,35.34,35.74,EU
EUR,2018/10/5,34.66,36,35.28,35.68,EU
EUR,2018/10/4,34.57,35.91,35.19,35.59,EU
EUR,2018/10/3,34.69,36.03,35.31,35.71,EU
EUR,2018/10/2,34.59,35.93,35.21,35.61,EU
EUR,2018/10/1,34.58,35.92,35.2,35.6,EU
EUR,2018/9/28,34.66,36,35.28,35.68,EU
EUR,2018/9/27,34.99,36.33,35.61,36.01,EU
EUR,2018/9/26,35.3,36.64,35.92,36.32,EU
EUR,2018/9/25,35.27,36.61,35.89,36.29,EU
EUR,2018/9/21,35.33,36.67,35.95,36.35,EU
EUR,2018/9/20,35.2,36.54,35.82,36.22,EU
EUR,2018/9/19,35.2,36.54,35.82,36.22,EU
EUR,2018/9/18,35.18,36.52,35.8,36.2,EU
EUR,2018/9/17,35.05,36.39,35.67,36.07,EU
EUR,2018/9/14,35.21,36.55,35.83,36.23,EU
EUR,2018/9/13,34.97,36.31,35.59,35.99,EU
EUR,2018/9/12,34.91,36.25,35.53,35.93,EU
EUR,2018/9/11,35.01,36.35,35.63,36.03,EU
EUR,2018/9/10,34.83,36.17,35.45,35.85,EU
EUR,2018/9/7,35.01,36.35,35.63,36.03,EU
EUR,2018/9/6,34.97,36.31,35.59,35.99,EU
EUR,2018/9/5,34.78,36.12,35.4,35.8,EU
EUR,2018/9/4,34.76,36.1,35.38,35.78,EU
EUR,2018/9/3,34.83,36.17,35.45,35.85,EU
EUR,2018/8/31,35.07,36.41,35.69,36.09,EU
EUR,2018/8/30,35.08,36.42,35.7,36.1,EU
EUR,2018/8/29,34.99,36.33,35.61,36.01,EU
EUR,2018/8/28,35.09,36.43,35.71,36.11,EU
EUR,2018/8/27,34.89,36.23,35.51,35.91,EU
EUR,2018/8/24,34.76,36.1,35.38,35.78,EU
EUR,2018/8/23,34.79,36.13,35.41,35.81,EU
EUR,2018/8/22,34.71,36.05,35.33,35.73,EU
EUR,2018/8/21,34.56,35.9,35.18,35.58,EU
EUR,2018/8/20,34.31,35.65,34.93,35.33,EU
EUR,2018/8/17,34.26,35.6,34.88,35.28,EU
EUR,2018/8/16,34.25,35.59,34.87,35.27,EU
EUR,2018/8/15,34.13,35.47,34.75,35.15,EU
EUR,2018/8/14,34.36,35.7,34.98,35.38,EU
EUR,2018/8/13,34.23,35.57,34.85,35.25,EU
EUR,2018/8/10,34.39,35.73,35.01,35.41,EU
EUR,2018/8/9,34.66,36,35.28,35.68,EU
EUR,2018/8/8,34.74,36.08,35.36,35.76,EU
EUR,2018/8/7,34.62,35.96,35.24,35.64,EU
EUR,2018/8/6,34.6,35.94,35.22,35.62,EU
EUR,2018/8/3,34.68,36.02,35.3,35.7,EU
EUR,2018/8/2,34.86,36.2,35.48,35.88,EU
EUR,2018/8/1,34.95,36.29,35.57,35.97,EU
EUR,2018/7/31,35.04,36.38,35.66,36.06,EU
EUR,2018/7/30,34.89,36.23,35.51,35.91,EU
EUR,2018/7/27,34.8,36.14,35.42,35.82,EU
EUR,2018/7/26,35.02,36.36,35.64,36.04,EU
AUD,2019/1/25,21.5,22.28,21.77,22,AUS
AUD,2019/1/24,21.53,22.31,21.8,22.03,AUS
AUD,2019/1/23,21.66,22.44,21.93,22.16,AUS
AUD,2019/1/22,21.63,22.41,21.9,22.13,AUS
AUD,2019/1/21,21.74,22.52,22.01,22.24,AUS
AUD,2019/1/19,21.72,22.5,21.99,22.22,AUS
AUD,2019/1/18,21.78,22.56,22.05,22.28,AUS
AUD,2019/1/17,21.7,22.48,21.97,22.2,AUS
AUD,2019/1/16,21.83,22.61,22.1,22.33,AUS
AUD,2019/1/15,21.86,22.64,22.13,22.36,AUS
AUD,2019/1/14,21.78,22.56,22.05,22.28,AUS
AUD,2019/1/11,21.83,22.61,22.1,22.33,AUS
AUD,2019/1/10,21.69,22.47,21.96,22.19,AUS
AUD,2019/1/9,21.65,22.43,21.92,22.15,AUS
AUD,2019/1/8,21.58,22.36,21.85,22.08,AUS
AUD,2019/1/7,21.6,22.38,21.87,22.1,AUS
AUD,2019/1/4,21.29,22.07,21.56,21.79,AUS
AUD,2019/1/3,21.11,21.89,21.38,21.61,AUS
AUD,2019/1/2,21.27,22.05,21.54,21.77,AUS
AUD,2018/12/28,21.28,22.06,21.55,21.78,AUS
AUD,2018/12/27,21.3,22.08,21.57,21.8,AUS
AUD,2018/12/26,21.35,22.13,21.62,21.85,AUS
AUD,2018/12/25,21.29,22.07,21.56,21.79,AUS
AUD,2018/12/24,21.37,22.15,21.64,21.87,AUS
AUD,2018/12/22,21.38,22.16,21.65,21.88,AUS
AUD,2018/12/21,21.52,22.3,21.79,22.02,AUS
AUD,2018/12/20,21.53,22.31,21.8,22.03,AUS
AUD,2018/12/19,21.77,22.55,22.04,22.27,AUS
AUD,2018/12/18,21.79,22.57,22.06,22.29,AUS
AUD,2018/12/17,21.77,22.55,22.04,22.27,AUS
AUD,2018/12/14,21.76,22.54,22.03,22.26,AUS
AUD,2018/12/13,21.95,22.73,22.22,22.45,AUS
AUD,2018/12/12,21.87,22.65,22.14,22.37,AUS
AUD,2018/12/11,21.85,22.63,22.12,22.35,AUS
AUD,2018/12/10,21.9,22.68,22.17,22.4,AUS
AUD,2018/12/7,21.84,22.62,22.11,22.34,AUS
AUD,2018/12/6,21.92,22.7,22.19,22.42,AUS
AUD,2018/12/5,22.09,22.87,22.36,22.59,AUS
AUD,2018/12/4,22.27,23.05,22.54,22.77,AUS
AUD,2018/12/3,22.3,23.08,22.57,22.8,AUS
AUD,2018/11/30,22.16,22.94,22.43,22.66,AUS
AUD,2018/11/29,22.2,22.98,22.47,22.7,AUS
AUD,2018/11/28,21.96,22.74,22.23,22.46,AUS
AUD,2018/11/27,21.96,22.74,22.23,22.46,AUS
AUD,2018/11/26,22.04,22.82,22.31,22.54,AUS
AUD,2018/11/23,22,22.78,22.27,22.5,AUS
AUD,2018/11/22,21.97,22.75,22.24,22.47,AUS
AUD,2018/11/21,21.95,22.73,22.22,22.45,AUS
AUD,2018/11/20,22.14,22.92,22.41,22.64,AUS
AUD,2018/11/19,22.21,22.99,22.48,22.71,AUS
AUD,2018/11/16,22.07,22.85,22.34,22.57,AUS
AUD,2018/11/15,22.09,22.87,22.36,22.59,AUS
AUD,2018/11/14,21.92,22.7,22.19,22.42,AUS
AUD,2018/11/13,21.89,22.67,22.16,22.39,AUS
AUD,2018/11/12,21.84,22.62,22.11,22.34,AUS
AUD,2018/11/9,21.92,22.7,22.19,22.42,AUS
AUD,2018/11/8,22.01,22.79,22.28,22.51,AUS
AUD,2018/11/7,21.92,22.7,22.19,22.42,AUS
AUD,2018/11/6,21.84,22.62,22.11,22.34,AUS
AUD,2018/11/5,21.75,22.53,22.02,22.25,AUS
AUD,2018/11/2,21.84,22.62,22.11,22.34,AUS
AUD,2018/11/1,21.71,22.49,21.98,22.21,AUS
AUD,2018/10/31,21.54,22.32,21.81,22.04,AUS
AUD,2018/10/30,21.57,22.35,21.84,22.07,AUS
AUD,2018/10/29,21.64,22.42,21.91,22.14,AUS
AUD,2018/10/26,21.42,22.2,21.69,21.92,AUS
AUD,2018/10/25,21.5,22.28,21.77,22,AUS
AUD,2018/10/24,21.54,22.32,21.81,22.04,AUS
AUD,2018/10/23,21.55,22.33,21.82,22.05,AUS
AUD,2018/10/22,21.59,22.37,21.86,22.09,AUS
AUD,2018/10/19,21.62,22.4,21.89,22.12,AUS
AUD,2018/10/18,21.68,22.46,21.95,22.18,AUS
AUD,2018/10/17,21.63,22.41,21.9,22.13,AUS
AUD,2018/10/16,21.63,22.41,21.9,22.13,AUS
AUD,2018/10/15,21.65,22.43,21.92,22.15,AUS
AUD,2018/10/12,21.6,22.38,21.87,22.1,AUS
AUD,2018/10/11,21.65,22.43,21.92,22.15,AUS
AUD,2018/10/9,21.52,22.3,21.79,22.02,AUS
AUD,2018/10/8,21.41,22.19,21.68,21.91,AUS
AUD,2018/10/5,21.38,22.16,21.65,21.88,AUS
AUD,2018/10/4,21.42,22.2,21.69,21.92,AUS
AUD,2018/10/3,21.6,22.38,21.87,22.1,AUS
AUD,2018/10/2,21.67,22.45,21.94,22.17,AUS
AUD,2018/10/1,21.66,22.44,21.93,22.16,AUS
AUD,2018/9/28,21.65,22.43,21.92,22.15,AUS
AUD,2018/9/27,21.73,22.51,22,22.23,AUS
AUD,2018/9/26,21.88,22.66,22.15,22.38,AUS
AUD,2018/9/25,21.82,22.6,22.09,22.32,AUS
AUD,2018/9/21,21.99,22.77,22.26,22.49,AUS
AUD,2018/9/20,21.99,22.77,22.26,22.49,AUS
AUD,2018/9/19,21.91,22.69,22.18,22.41,AUS
AUD,2018/9/18,21.8,22.58,22.07,22.3,AUS
AUD,2018/9/17,21.69,22.47,21.96,22.19,AUS
AUD,2018/9/14,21.78,22.56,22.05,22.28,AUS
AUD,2018/9/13,21.76,22.54,22.03,22.26,AUS
AUD,2018/9/12,21.53,22.31,21.8,22.03,AUS
AUD,2018/9/11,21.56,22.34,21.83,22.06,AUS
AUD,2018/9/10,21.56,22.34,21.83,22.06,AUS
AUD,2018/9/7,21.63,22.41,21.9,22.13,AUS
AUD,2018/9/6,21.7,22.48,21.97,22.2,AUS
AUD,2018/9/5,21.67,22.45,21.94,22.17,AUS
AUD,2018/9/4,21.7,22.48,21.97,22.2,AUS
AUD,2018/9/3,21.73,22.51,22,22.23,AUS
AUD,2018/8/31,21.89,22.67,22.16,22.39,AUS
AUD,2018/8/30,21.98,22.76,22.25,22.48,AUS
AUD,2018/8/29,22.05,22.83,22.32,22.55,AUS
AUD,2018/8/28,22.17,22.95,22.44,22.67,AUS
AUD,2018/8/27,22.11,22.89,22.38,22.61,AUS
AUD,2018/8/24,22.01,22.79,22.28,22.51,AUS
AUD,2018/8/23,22.06,22.84,22.33,22.56,AUS
AUD,2018/8/22,22.17,22.95,22.44,22.67,AUS
AUD,2018/8/21,22.2,22.98,22.47,22.7,AUS
AUD,2018/8/20,22.11,22.89,22.38,22.61,AUS
AUD,2018/8/17,22.01,22.79,22.28,22.51,AUS
AUD,2018/8/16,22.01,22.79,22.28,22.51,AUS
AUD,2018/8/15,21.91,22.69,22.18,22.41,AUS
AUD,2018/8/14,22.01,22.79,22.28,22.51,AUS
AUD,2018/8/13,22.02,22.8,22.29,22.52,AUS
AUD,2018/8/10,22.05,22.83,22.32,22.55,AUS
AUD,2018/8/9,22.33,23.11,22.6,22.83,AUS
AUD,2018/8/8,22.35,23.13,22.62,22.85,AUS
AUD,2018/8/7,22.34,23.12,22.61,22.84,AUS
AUD,2018/8/6,22.26,23.04,22.53,22.76,AUS
AUD,2018/8/3,22.18,22.96,22.45,22.68,AUS
AUD,2018/8/2,22.24,23.02,22.51,22.74,AUS
AUD,2018/8/1,22.27,23.05,22.54,22.77,AUS
AUD,2018/7/31,22.32,23.1,22.59,22.82,AUS
AUD,2018/7/30,22.27,23.05,22.54,22.77,AUS
AUD,2018/7/27,22.21,22.99,22.48,22.71,AUS
AUD,2018/7/26,22.34,23.12,22.61,22.84,AUS
CAD,2019/1/25,22.66,23.57,23.05,23.27,CAD
CAD,2019/1/24,22.61,23.52,23,23.22,CAD
CAD,2019/1/23,22.69,23.6,23.08,23.3,CAD
CAD,2019/1/22,22.67,23.58,23.06,23.28,CAD
CAD,2019/1/21,22.75,23.66,23.14,23.36,CAD
CAD,2019/1/19,22.77,23.68,23.16,23.38,CAD
CAD,2019/1/18,22.75,23.66,23.14,23.36,CAD
CAD,2019/1/17,22.72,23.63,23.11,23.33,CAD
CAD,2019/1/16,22.77,23.68,23.16,23.38,CAD
CAD,2019/1/15,22.75,23.66,23.14,23.36,CAD
CAD,2019/1/14,22.72,23.63,23.11,23.33,CAD
CAD,2019/1/11,22.84,23.75,23.23,23.45,CAD
CAD,2019/1/10,22.75,23.66,23.14,23.36,CAD
CAD,2019/1/9,22.78,23.69,23.17,23.39,CAD
CAD,2019/1/8,22.71,23.62,23.1,23.32,CAD
CAD,2019/1/7,22.57,23.48,22.96,23.18,CAD
CAD,2019/1/4,22.45,23.36,22.84,23.06,CAD
CAD,2019/1/3,22.18,23.09,22.57,22.79,CAD
CAD,2019/1/2,22.18,23.09,22.57,22.79,CAD
CAD,2018/12/28,22.08,22.99,22.47,22.69,CAD
CAD,2018/12/27,22.13,23.04,22.52,22.74,CAD
CAD,2018/12/26,22.16,23.07,22.55,22.77,CAD
CAD,2018/12/25,22.17,23.08,22.56,22.78,CAD
CAD,2018/12/24,22.18,23.09,22.57,22.79,CAD
CAD,2018/12/22,22.17,23.08,22.56,22.78,CAD
CAD,2018/12/21,22.31,23.22,22.7,22.92,CAD
CAD,2018/12/20,22.37,23.28,22.76,22.98,CAD
CAD,2018/12/19,22.37,23.28,22.76,22.98,CAD
CAD,2018/12/18,22.53,23.44,22.92,23.14,CAD
CAD,2018/12/17,22.58,23.49,22.97,23.19,CAD
CAD,2018/12/14,22.55,23.46,22.94,23.16,CAD
CAD,2018/12/13,22.61,23.52,23,23.22,CAD
CAD,2018/12/12,22.58,23.49,22.97,23.19,CAD
CAD,2018/12/11,22.54,23.45,22.93,23.15,CAD
CAD,2018/12/10,22.7,23.61,23.09,23.31,CAD
CAD,2018/12/7,22.52,23.43,22.91,23.13,CAD
CAD,2018/12/6,22.51,23.42,22.9,23.12,CAD
CAD,2018/12/5,22.68,23.59,23.07,23.29,CAD
CAD,2018/12/4,22.81,23.72,23.2,23.42,CAD
CAD,2018/12/3,22.82,23.73,23.21,23.43,CAD
CAD,2018/11/30,22.69,23.6,23.08,23.3,CAD
CAD,2018/11/29,22.76,23.67,23.15,23.37,CAD
CAD,2018/11/28,22.7,23.61,23.09,23.31,CAD
CAD,2018/11/27,22.79,23.7,23.18,23.4,CAD
CAD,2018/11/26,22.9,23.81,23.29,23.51,CAD
CAD,2018/11/23,22.91,23.82,23.3,23.52,CAD
CAD,2018/11/22,22.83,23.74,23.22,23.44,CAD
CAD,2018/11/21,22.74,23.65,23.13,23.35,CAD
CAD,2018/11/20,22.98,23.89,23.37,23.59,CAD
CAD,2018/11/19,22.98,23.89,23.37,23.59,CAD
CAD,2018/11/16,22.97,23.88,23.36,23.58,CAD
CAD,2018/11/15,22.83,23.74,23.22,23.44,CAD
CAD,2018/11/14,22.86,23.77,23.25,23.47,CAD
CAD,2018/11/13,22.86,23.77,23.25,23.47,CAD
CAD,2018/11/12,22.89,23.8,23.28,23.5,CAD
CAD,2018/11/9,22.86,23.77,23.25,23.47,CAD
CAD,2018/11/8,22.93,23.84,23.32,23.54,CAD
CAD,2018/11/7,22.94,23.85,23.33,23.55,CAD
CAD,2018/11/6,22.97,23.88,23.36,23.58,CAD
CAD,2018/11/5,22.97,23.88,23.36,23.58,CAD
CAD,2018/11/2,23.04,23.95,23.43,23.65,CAD
CAD,2018/11/1,23.07,23.98,23.46,23.68,CAD
CAD,2018/10/31,23.09,24,23.48,23.7,CAD
CAD,2018/10/30,23.14,24.05,23.53,23.75,CAD
CAD,2018/10/29,23.17,24.08,23.56,23.78,CAD
CAD,2018/10/26,23.1,24.01,23.49,23.71,CAD
CAD,2018/10/25,23.28,24.19,23.67,23.89,CAD
CAD,2018/10/24,23.16,24.07,23.55,23.77,CAD
CAD,2018/10/23,23.16,24.07,23.55,23.77,CAD
CAD,2018/10/22,23.13,24.04,23.52,23.74,CAD
CAD,2018/10/19,23.21,24.12,23.6,23.82,CAD
CAD,2018/10/18,23.25,24.16,23.64,23.86,CAD
CAD,2018/10/17,23.31,24.22,23.7,23.92,CAD
CAD,2018/10/16,23.31,24.22,23.7,23.92,CAD
CAD,2018/10/15,23.24,24.15,23.63,23.85,CAD
CAD,2018/10/12,23.22,24.13,23.61,23.83,CAD
CAD,2018/10/11,23.34,24.25,23.73,23.95,CAD
CAD,2018/10/9,23.38,24.29,23.77,23.99,CAD
CAD,2018/10/8,23.31,24.22,23.7,23.92,CAD
CAD,2018/10/5,23.34,24.25,23.73,23.95,CAD
CAD,2018/10/4,23.42,24.33,23.81,24.03,CAD
CAD,2018/10/3,23.4,24.31,23.79,24.01,CAD
CAD,2018/10/2,23.43,24.34,23.82,24.04,CAD
CAD,2018/10/1,23.32,24.23,23.71,23.93,CAD
CAD,2018/9/28,22.96,23.87,23.35,23.57,CAD
CAD,2018/9/27,22.94,23.85,23.33,23.55,CAD
CAD,2018/9/26,23.19,24.1,23.58,23.8,CAD
CAD,2018/9/25,23.15,24.06,23.54,23.76,CAD
CAD,2018/9/21,23.3,24.21,23.69,23.91,CAD
CAD,2018/9/20,23.35,24.26,23.74,23.96,CAD
CAD,2018/9/19,23.27,24.18,23.66,23.88,CAD
CAD,2018/9/18,23.15,24.06,23.54,23.76,CAD
CAD,2018/9/17,23.14,24.05,23.53,23.75,CAD
CAD,2018/9/14,23.17,24.08,23.56,23.78,CAD
CAD,2018/9/13,23.19,24.1,23.58,23.8,CAD
CAD,2018/9/12,23.1,24.01,23.49,23.71,CAD
CAD,2018/9/11,22.96,23.87,23.35,23.57,CAD
CAD,2018/9/10,22.89,23.8,23.28,23.5,CAD
CAD,2018/9/7,22.93,23.84,23.32,23.54,CAD
CAD,2018/9/6,22.85,23.76,23.24,23.46,CAD
CAD,2018/9/5,22.83,23.74,23.22,23.44,CAD
CAD,2018/9/4,22.91,23.82,23.3,23.52,CAD
CAD,2018/9/3,23.02,23.93,23.41,23.63,CAD
CAD,2018/8/31,23.1,24.01,23.49,23.71,CAD
CAD,2018/8/30,23.25,24.16,23.64,23.86,CAD
CAD,2018/8/29,23.24,24.15,23.63,23.85,CAD
CAD,2018/8/28,23.21,24.12,23.6,23.82,CAD
CAD,2018/8/27,23.11,24.02,23.5,23.72,CAD
CAD,2018/8/24,23.03,23.94,23.42,23.64,CAD
CAD,2018/8/23,23.12,24.03,23.51,23.73,CAD
CAD,2018/8/22,23.08,23.99,23.47,23.69,CAD
CAD,2018/8/21,23.08,23.99,23.47,23.69,CAD
CAD,2018/8/20,23.06,23.97,23.45,23.67,CAD
CAD,2018/8/17,22.93,23.84,23.32,23.54,CAD
CAD,2018/8/16,23,23.91,23.39,23.61,CAD
CAD,2018/8/15,23.1,24.01,23.49,23.71,CAD
CAD,2018/8/14,23.05,23.96,23.44,23.66,CAD
CAD,2018/8/13,22.92,23.83,23.31,23.53,CAD
CAD,2018/8/10,22.95,23.86,23.34,23.56,CAD
CAD,2018/8/9,23.02,23.93,23.41,23.63,CAD
CAD,2018/8/8,22.94,23.85,23.33,23.55,CAD
CAD,2018/8/7,23.1,24.01,23.49,23.71,CAD
CAD,2018/8/6,23.05,23.96,23.44,23.66,CAD
CAD,2018/8/3,23.06,23.97,23.45,23.67,CAD
CAD,2018/8/2,23.06,23.97,23.45,23.67,CAD
CAD,2018/8/1,23.01,23.92,23.4,23.62,CAD
CAD,2018/7/31,22.96,23.87,23.35,23.57,CAD
CAD,2018/7/30,22.93,23.84,23.32,23.54,CAD
CAD,2018/7/27,22.93,23.84,23.32,23.54,CAD
CAD,2018/7/26,22.94,23.85,23.33,23.55,CAD
SGD,2019/1/25,22.12,23.03,22.61,22.79,SGP
SGD,2019/1/24,22.13,23.04,22.62,22.8,SGP
SGD,2019/1/23,22.15,23.06,22.64,22.82,SGP
SGD,2019/1/22,22.12,23.03,22.61,22.79,SGP
SGD,2019/1/21,22.13,23.04,22.62,22.8,SGP
SGD,2019/1/19,22.12,23.03,22.61,22.79,SGP
SGD,2019/1/18,22.16,23.07,22.65,22.83,SGP
SGD,2019/1/17,22.16,23.07,22.65,22.83,SGP
SGD,2019/1/16,22.18,23.09,22.67,22.85,SGP
SGD,2019/1/15,22.22,23.13,22.71,22.89,SGP
SGD,2019/1/14,22.2,23.11,22.69,22.87,SGP
SGD,2019/1/11,22.22,23.13,22.71,22.89,SGP
SGD,2019/1/10,22.19,23.1,22.68,22.86,SGP
SGD,2019/1/9,22.13,23.04,22.62,22.8,SGP
SGD,2019/1/8,22.12,23.03,22.61,22.79,SGP
SGD,2019/1/7,22.14,23.05,22.63,22.81,SGP
SGD,2019/1/4,22.08,22.99,22.57,22.75,SGP
SGD,2019/1/3,22.03,22.94,22.52,22.7,SGP
SGD,2019/1/2,22.01,22.92,22.5,22.68,SGP
SGD,2018/12/28,21.9,22.81,22.39,22.57,SGP
SGD,2018/12/27,21.84,22.75,22.33,22.51,SGP
SGD,2018/12/26,21.9,22.81,22.39,22.57,SGP
SGD,2018/12/25,21.86,22.77,22.35,22.53,SGP
SGD,2018/12/24,21.88,22.79,22.37,22.55,SGP
SGD,2018/12/22,21.85,22.76,22.34,22.52,SGP
SGD,2018/12/21,21.92,22.83,22.41,22.59,SGP
SGD,2018/12/20,21.92,22.83,22.41,22.59,SGP
SGD,2018/12/19,21.93,22.84,22.42,22.6,SGP
SGD,2018/12/18,21.93,22.84,22.42,22.6,SGP
SGD,2018/12/17,21.88,22.79,22.37,22.55,SGP
SGD,2018/12/14,21.89,22.8,22.38,22.56,SGP
SGD,2018/12/13,21.93,22.84,22.42,22.6,SGP
SGD,2018/12/12,21.9,22.81,22.39,22.57,SGP
SGD,2018/12/11,21.91,22.82,22.4,22.58,SGP
SGD,2018/12/10,21.94,22.85,22.43,22.61,SGP
SGD,2018/12/7,21.94,22.85,22.43,22.61,SGP
SGD,2018/12/6,21.93,22.84,22.42,22.6,SGP
SGD,2018/12/5,21.95,22.86,22.44,22.62,SGP
SGD,2018/12/4,21.92,22.83,22.41,22.59,SGP
SGD,2018/12/3,21.91,22.82,22.4,22.58,SGP
SGD,2018/11/30,21.92,22.83,22.41,22.59,SGP
SGD,2018/11/29,21.93,22.84,22.42,22.6,SGP
SGD,2018/11/28,21.84,22.75,22.33,22.51,SGP
SGD,2018/11/27,21.88,22.79,22.37,22.55,SGP
SGD,2018/11/26,21.91,22.82,22.4,22.58,SGP
SGD,2018/11/23,21.92,22.83,22.41,22.59,SGP
SGD,2018/11/22,21.9,22.81,22.39,22.57,SGP
SGD,2018/11/21,21.9,22.81,22.39,22.57,SGP
SGD,2018/11/20,21.95,22.86,22.44,22.62,SGP
SGD,2018/11/19,21.93,22.84,22.42,22.6,SGP
SGD,2018/11/16,21.87,22.78,22.36,22.54,SGP
SGD,2018/11/15,21.84,22.75,22.33,22.51,SGP
SGD,2018/11/14,21.81,22.72,22.3,22.48,SGP
SGD,2018/11/13,21.77,22.68,22.26,22.44,SGP
SGD,2018/11/12,21.74,22.65,22.23,22.41,SGP
SGD,2018/11/9,21.77,22.68,22.26,22.44,SGP
SGD,2018/11/8,21.82,22.73,22.31,22.49,SGP
SGD,2018/11/7,21.85,22.76,22.34,22.52,SGP
SGD,2018/11/6,21.81,22.72,22.3,22.48,SGP
SGD,2018/11/5,21.77,22.68,22.26,22.44,SGP
SGD,2018/11/2,21.79,22.7,22.28,22.46,SGP
SGD,2018/11/1,21.81,22.72,22.3,22.48,SGP
SGD,2018/10/31,21.77,22.68,22.26,22.44,SGP
SGD,2018/10/30,21.81,22.72,22.3,22.48,SGP
SGD,2018/10/29,21.87,22.78,22.36,22.54,SGP
SGD,2018/10/26,21.84,22.75,22.33,22.51,SGP
SGD,2018/10/25,21.87,22.78,22.36,22.54,SGP
SGD,2018/10/24,21.87,22.78,22.36,22.54,SGP
SGD,2018/10/23,21.88,22.79,22.37,22.55,SGP
SGD,2018/10/22,21.87,22.78,22.36,22.54,SGP
SGD,2018/10/19,21.87,22.78,22.36,22.54,SGP
SGD,2018/10/18,21.88,22.79,22.37,22.55,SGP
SGD,2018/10/17,21.86,22.77,22.35,22.53,SGP
SGD,2018/10/16,21.88,22.79,22.37,22.55,SGP
SGD,2018/10/15,21.88,22.79,22.37,22.55,SGP
SGD,2018/10/12,21.86,22.77,22.35,22.53,SGP
SGD,2018/10/11,21.93,22.84,22.42,22.6,SGP
SGD,2018/10/9,21.78,22.69,22.27,22.45,SGP
SGD,2018/10/8,21.74,22.65,22.23,22.41,SGP
SGD,2018/10/5,21.73,22.64,22.22,22.4,SGP
SGD,2018/10/4,21.73,22.64,22.22,22.4,SGP
SGD,2018/10/3,21.74,22.65,22.23,22.41,SGP
SGD,2018/10/2,21.73,22.64,22.22,22.4,SGP
SGD,2018/10/1,21.7,22.61,22.19,22.37,SGP
SGD,2018/9/28,21.75,22.66,22.24,22.42,SGP
SGD,2018/9/27,21.83,22.74,22.32,22.5,SGP
SGD,2018/9/26,21.91,22.82,22.4,22.58,SGP
SGD,2018/9/25,21.87,22.78,22.36,22.54,SGP
SGD,2018/9/21,21.94,22.85,22.43,22.61,SGP
SGD,2018/9/20,21.93,22.84,22.42,22.6,SGP
SGD,2018/9/19,21.91,22.82,22.4,22.58,SGP
SGD,2018/9/18,21.9,22.81,22.39,22.57,SGP
SGD,2018/9/17,21.84,22.75,22.33,22.51,SGP
SGD,2018/9/14,21.9,22.81,22.39,22.57,SGP
SGD,2018/9/13,21.87,22.78,22.36,22.54,SGP
SGD,2018/9/12,21.81,22.72,22.3,22.48,SGP
SGD,2018/9/11,21.82,22.73,22.31,22.49,SGP
SGD,2018/9/10,21.76,22.67,22.25,22.43,SGP
SGD,2018/9/7,21.8,22.71,22.29,22.47,SGP
SGD,2018/9/6,21.78,22.69,22.27,22.45,SGP
SGD,2018/9/5,21.73,22.64,22.22,22.4,SGP
SGD,2018/9/4,21.79,22.7,22.28,22.46,SGP
SGD,2018/9/3,21.83,22.74,22.32,22.5,SGP
SGD,2018/8/31,21.87,22.78,22.36,22.54,SGP
SGD,2018/8/30,21.89,22.8,22.38,22.56,SGP
SGD,2018/8/29,21.89,22.8,22.38,22.56,SGP
SGD,2018/8/28,21.97,22.88,22.46,22.64,SGP
SGD,2018/8/27,21.94,22.85,22.43,22.61,SGP
SGD,2018/8/24,21.86,22.77,22.35,22.53,SGP
SGD,2018/8/23,21.89,22.8,22.38,22.56,SGP
SGD,2018/8/22,21.9,22.81,22.39,22.57,SGP
SGD,2018/8/21,21.9,22.81,22.39,22.57,SGP
SGD,2018/8/20,21.87,22.78,22.36,22.54,SGP
SGD,2018/8/17,21.82,22.73,22.31,22.49,SGP
SGD,2018/8/16,21.83,22.74,22.32,22.5,SGP
SGD,2018/8/15,21.78,22.69,22.27,22.45,SGP
SGD,2018/8/14,21.86,22.77,22.35,22.53,SGP
SGD,2018/8/13,21.82,22.73,22.31,22.49,SGP
SGD,2018/8/10,21.82,22.73,22.31,22.49,SGP
SGD,2018/8/9,21.89,22.8,22.38,22.56,SGP
SGD,2018/8/8,21.89,22.8,22.38,22.56,SGP
SGD,2018/8/7,21.82,22.73,22.31,22.49,SGP
SGD,2018/8/6,21.83,22.74,22.32,22.5,SGP
SGD,2018/8/3,21.81,22.72,22.3,22.48,SGP
SGD,2018/8/2,21.89,22.8,22.38,22.56,SGP
SGD,2018/8/1,21.89,22.8,22.38,22.56,SGP
SGD,2018/7/31,21.89,22.8,22.38,22.56,SGP
SGD,2018/7/30,21.89,22.8,22.38,22.56,SGP
SGD,2018/7/27,21.89,22.8,22.38,22.56,SGP
SGD,2018/7/26,21.88,22.79,22.37,22.55,SGP
NZD,2019/1/25,20.4,21.25,20.78,20.98,NZL
NZD,2019/1/24,20.44,21.29,20.82,21.02,NZL
NZD,2019/1/23,20.5,21.35,20.88,21.08,NZL
NZD,2019/1/22,20.28,21.13,20.66,20.86,NZL
NZD,2019/1/21,20.31,21.16,20.69,20.89,NZL
NZD,2019/1/19,20.32,21.17,20.7,20.9,NZL
NZD,2019/1/18,20.4,21.25,20.78,20.98,NZL
NZD,2019/1/17,20.31,21.16,20.69,20.89,NZL
NZD,2019/1/16,20.56,21.41,20.94,21.14,NZL
NZD,2019/1/15,20.61,21.46,20.99,21.19,NZL
NZD,2019/1/14,20.51,21.36,20.89,21.09,NZL
NZD,2019/1/11,20.55,21.4,20.93,21.13,NZL
NZD,2019/1/10,20.39,21.24,20.77,20.97,NZL
NZD,2019/1/9,20.33,21.18,20.71,20.91,NZL
NZD,2019/1/8,20.3,21.15,20.68,20.88,NZL
NZD,2019/1/7,20.32,21.17,20.7,20.9,NZL
NZD,2019/1/4,20.17,21.02,20.55,20.75,NZL
NZD,2019/1/3,20.04,20.89,20.42,20.62,NZL
NZD,2019/1/2,20.2,21.05,20.58,20.78,NZL
NZD,2018/12/28,20.14,20.99,20.52,20.72,NZL
NZD,2018/12/27,20.18,21.03,20.56,20.76,NZL
NZD,2018/12/26,20.28,21.13,20.66,20.86,NZL
NZD,2018/12/25,20.3,21.15,20.68,20.88,NZL
NZD,2018/12/24,20.27,21.12,20.65,20.85,NZL
NZD,2018/12/22,20.23,21.08,20.61,20.81,NZL
NZD,2018/12/21,20.34,21.19,20.72,20.92,NZL
NZD,2018/12/20,20.3,21.15,20.68,20.88,NZL
NZD,2018/12/19,20.67,21.52,21.05,21.25,NZL
NZD,2018/12/18,20.7,21.55,21.08,21.28,NZL
NZD,2018/12/17,20.53,21.38,20.91,21.11,NZL
NZD,2018/12/14,20.49,21.34,20.87,21.07,NZL
NZD,2018/12/13,20.73,21.58,21.11,21.31,NZL
NZD,2018/12/12,20.7,21.55,21.08,21.28,NZL
NZD,2018/12/11,20.75,21.6,21.13,21.33,NZL
NZD,2018/12/10,20.78,21.63,21.16,21.36,NZL
NZD,2018/12/7,20.71,21.56,21.09,21.29,NZL
NZD,2018/12/6,20.72,21.57,21.1,21.3,NZL
NZD,2018/12/5,20.85,21.7,21.23,21.43,NZL
NZD,2018/12/4,20.89,21.74,21.27,21.47,NZL
NZD,2018/12/3,20.8,21.65,21.18,21.38,NZL
NZD,2018/11/30,20.68,21.53,21.06,21.26,NZL
NZD,2018/11/29,20.74,21.59,21.12,21.32,NZL
NZD,2018/11/28,20.52,21.37,20.9,21.1,NZL
NZD,2018/11/27,20.46,21.31,20.84,21.04,NZL
NZD,2018/11/26,20.52,21.37,20.9,21.1,NZL
NZD,2018/11/23,20.57,21.42,20.95,21.15,NZL
NZD,2018/11/22,20.5,21.35,20.88,21.08,NZL
NZD,2018/11/21,20.57,21.42,20.95,21.15,NZL
NZD,2018/11/20,20.73,21.58,21.11,21.31,NZL
NZD,2018/11/19,20.69,21.54,21.07,21.27,NZL
NZD,2018/11/16,20.59,21.44,20.97,21.17,NZL
NZD,2018/11/15,20.52,21.37,20.9,21.1,NZL
NZD,2018/11/14,20.53,21.38,20.91,21.11,NZL
NZD,2018/11/13,20.38,21.23,20.76,20.96,NZL
NZD,2018/11/12,20.26,21.11,20.64,20.84,NZL
NZD,2018/11/9,20.29,21.14,20.67,20.87,NZL
NZD,2018/11/8,20.38,21.23,20.76,20.96,NZL
NZD,2018/11/7,20.29,21.14,20.67,20.87,NZL
NZD,2018/11/6,20.03,20.88,20.41,20.61,NZL
NZD,2018/11/5,19.99,20.84,20.37,20.57,NZL
NZD,2018/11/2,20.01,20.86,20.39,20.59,NZL
NZD,2018/11/1,19.94,20.79,20.32,20.52,NZL
NZD,2018/10/31,19.77,20.62,20.15,20.35,NZL
NZD,2018/10/30,19.81,20.66,20.19,20.39,NZL
NZD,2018/10/29,19.82,20.67,20.2,20.4,NZL
NZD,2018/10/26,19.59,20.44,19.97,20.17,NZL
NZD,2018/10/25,19.7,20.55,20.08,20.28,NZL
NZD,2018/10/24,19.78,20.63,20.16,20.36,NZL
NZD,2018/10/23,19.85,20.7,20.23,20.43,NZL
NZD,2018/10/22,19.9,20.75,20.28,20.48,NZL
NZD,2018/10/19,19.85,20.7,20.23,20.43,NZL
NZD,2018/10/18,19.84,20.69,20.22,20.42,NZL
NZD,2018/10/17,19.84,20.69,20.22,20.42,NZL
NZD,2018/10/16,19.83,20.68,20.21,20.41,NZL
NZD,2018/10/15,19.68,20.53,20.06,20.26,NZL
NZD,2018/10/12,19.65,20.5,20.03,20.23,NZL
NZD,2018/10/11,19.68,20.53,20.06,20.26,NZL
NZD,2018/10/9,19.47,20.32,19.85,20.05,NZL
NZD,2018/10/8,19.43,20.28,19.81,20.01,NZL
NZD,2018/10/5,19.45,20.3,19.83,20.03,NZL
NZD,2018/10/4,19.53,20.38,19.91,20.11,NZL
NZD,2018/10/3,19.68,20.53,20.06,20.26,NZL
NZD,2018/10/2,19.74,20.59,20.12,20.32,NZL
NZD,2018/10/1,19.71,20.56,20.09,20.29,NZL
NZD,2018/9/28,19.7,20.55,20.08,20.28,NZL
NZD,2018/9/27,19.84,20.69,20.22,20.42,NZL
NZD,2018/9/26,19.95,20.8,20.33,20.53,NZL
NZD,2018/9/25,19.89,20.74,20.27,20.47,NZL
NZD,2018/9/21,20.08,20.93,20.46,20.66,NZL
NZD,2018/9/20,20.02,20.87,20.4,20.6,NZL
NZD,2018/9/19,19.85,20.7,20.23,20.43,NZL
NZD,2018/9/18,19.83,20.68,20.21,20.41,NZL
NZD,2018/9/17,19.73,20.58,20.11,20.31,NZL
NZD,2018/9/14,19.79,20.64,20.17,20.37,NZL
NZD,2018/9/13,19.72,20.57,20.1,20.3,NZL
NZD,2018/9/12,19.6,20.45,19.98,20.18,NZL
NZD,2018/9/11,19.65,20.5,20.03,20.23,NZL
NZD,2018/9/10,19.66,20.51,20.04,20.24,NZL
NZD,2018/9/7,19.77,20.62,20.15,20.35,NZL
NZD,2018/9/6,19.8,20.65,20.18,20.38,NZL
NZD,2018/9/5,19.7,20.55,20.08,20.28,NZL
NZD,2018/9/4,19.7,20.55,20.08,20.28,NZL
NZD,2018/9/3,19.84,20.69,20.22,20.42,NZL
NZD,2018/8/31,19.97,20.82,20.35,20.55,NZL
NZD,2018/8/30,19.97,20.82,20.35,20.55,NZL
NZD,2018/8/29,20.09,20.94,20.47,20.67,NZL
NZD,2018/8/28,20.09,20.94,20.47,20.67,NZL
NZD,2018/8/27,20.06,20.91,20.44,20.64,NZL
NZD,2018/8/24,19.97,20.82,20.35,20.55,NZL
NZD,2018/8/23,20.07,20.92,20.45,20.65,NZL
NZD,2018/8/22,20.07,20.92,20.45,20.65,NZL
NZD,2018/8/21,20,20.85,20.38,20.58,NZL
NZD,2018/8/20,19.89,20.74,20.27,20.47,NZL
NZD,2018/8/17,19.85,20.7,20.23,20.43,NZL
NZD,2018/8/16,19.83,20.68,20.21,20.41,NZL
NZD,2018/8/15,19.74,20.59,20.12,20.32,NZL
NZD,2018/8/14,19.85,20.7,20.23,20.43,NZL
NZD,2018/8/13,19.79,20.64,20.17,20.37,NZL
NZD,2018/8/10,19.78,20.63,20.16,20.36,NZL
NZD,2018/8/9,19.91,20.76,20.29,20.49,NZL
NZD,2018/8/8,20.19,21.04,20.57,20.77,NZL
NZD,2018/8/7,20.17,21.02,20.55,20.75,NZL
NZD,2018/8/6,20.18,21.03,20.56,20.76,NZL
NZD,2018/8/3,20.16,21.01,20.54,20.74,NZL
NZD,2018/8/2,20.28,21.13,20.66,20.86,NZL
NZD,2018/8/1,20.32,21.17,20.7,20.9,NZL
NZD,2018/7/31,20.38,21.23,20.76,20.96,NZL
NZD,2018/7/30,20.36,21.21,20.74,20.94,NZL
NZD,2018/7/27,20.26,21.11,20.64,20.84,NZL
NZD,2018/7/26,20.41,21.26,20.79,20.99,NZL
